identity_key,molecule_name,formula,rows,primary_rows,sources,energy_min_eV,energy_max_eV,primary_energy_max_eV,cv_fold,raw_primary_nmae_percent,raw_whole_nmae_percent,constant_primary_nmae_percent,constant_whole_nmae_percent,ml_primary_nmae_percent,ml_whole_nmae_percent,improvement_pp
2-butanol,sec-Butanol,C4H10O,21,20,"[""${ARCHIVE_ROOT}\\outputs\\no_qec_priority_2026_07_31\\agent_2butanol_hudson2003_strict_numeric_pairs.csv""]",16.0,97.0,93.0,3,7.853834023260399,7.398592331913317,11.153856038004859,10.68468523957429,15.571323496836422,15.081126886736165,-7.717489473576023
2-butanone,methyl ethyl ketone,C4H8O,55,16,"[""${PROJECT_ROOT}\\data\\processed\\qec_low_energy_priority_curve_points_2026_07_26.csv""]",15.0,285.0,90.0,3,10.64668494686361,15.798224528077478,7.912726442410683,13.221888552130743,3.565432214219002,5.795540387842582,7.081252732644608
2-hexanone,methyl butyl ketone,C6H12O,55,17,"[""${PROJECT_ROOT}\\data\\processed\\qec_low_energy_priority_curve_points_2026_07_26.csv""]",15.0,285.0,95.0,0,5.18385731167878,7.973549559632671,5.405372225218519,5.325744639725641,4.01165764008064,4.414508774393537,1.1721996715981406
2-pentanone,methyl propyl ketone,C5H10O,55,17,"[""${PROJECT_ROOT}\\data\\processed\\qec_low_energy_priority_curve_points_2026_07_26.csv""]",15.0,285.0,95.0,4,4.108416700331576,6.562797679479093,6.231945709752832,4.83083139596346,11.322335714753416,12.751580837055299,-7.21391901442184
3-hexanone,ethyl propyl ketone,C6H12O,55,17,"[""${PROJECT_ROOT}\\data\\processed\\qec_low_energy_priority_curve_points_2026_07_26.csv""]",15.0,285.0,95.0,2,5.267185065710562,6.005517422148932,5.189471089378821,3.7231214759829685,2.4974964893017884,5.613872118434517,2.7696885764087735
3-methyl-2-butanone,methyl isopropyl ketone,C5H10O,55,15,"[""${PROJECT_ROOT}\\data\\processed\\qec_low_energy_priority_curve_points_2026_07_26.csv""]",15.0,285.0,85.0,1,17.064827729770062,18.92827450680085,13.706514705500798,15.645418461881002,13.746594389083326,14.140171994862294,3.318233340686737
3-methyl-2-pentanone,methyl sec-butyl ketone,C6H12O,55,17,"[""${PROJECT_ROOT}\\data\\processed\\qec_low_energy_priority_curve_points_2026_07_26.csv""]",15.0,285.0,95.0,4,5.334079568911418,11.41317705049121,5.641177732162345,9.16886799304658,7.697946656868572,7.194213119639723,-2.3638670879571535
3-pentanone,diethyl ketone,C5H10O,55,15,"[""${PROJECT_ROOT}\\data\\processed\\qec_low_energy_priority_curve_points_2026_07_26.csv""]",15.0,285.0,85.0,3,12.051044395204864,13.419208111796586,9.360055314492046,10.770080967893108,3.2656151676699996,4.185926115727615,8.785429227534864
4-methyl-2-pentanone,methyl iso-butyl ketone,C6H12O,55,18,"[""${PROJECT_ROOT}\\data\\processed\\qec_low_energy_priority_curve_points_2026_07_26.csv""]",15.0,285.0,100.0,0,9.459623819435906,16.09895487502031,5.826725539335689,12.627165568779978,7.508023189333156,12.44831400988458,1.9516006301027504
acetylene,Acetylene,C2H2,50,22,"[""${ARCHIVE_ROOT}\\nist_strict_usable_numeric_pairs_2026_07_30\\paired_numeric\\001_C2H2_BEB_vs_experiment.csv""]",12.5823,298.389,90.5395,1,12.653400502504574,12.969160891730821,9.348092837495077,10.476004072129093,15.020332792462565,14.042370950418967,-2.3669322899579903
acrylonitrile,acrylonitrile,C3H3N,47,13,"[""${PROJECT_ROOT}\\data\\processed\\expanded_measured_total_master_2026_07_26.csv""]",29.2935,286.607,103.2911,2,11.913901237380884,8.085483563957297,15.669687071319375,6.954132563267788,23.95449205335371,11.370354514746527,-12.040590815972827
ammonia,ammonia,NH3,43,24,"[""${ARCHIVE_ROOT}\\nist_strict_usable_numeric_pairs_2026_07_30\\paired_numeric\\002_NH3_BEB_vs_experiment.csv""]",12.983,299.601,89.7606,2,6.286248043583383,5.035876720825081,9.406062043879777,5.682544825506737,7.106172000201119,4.707755783699763,-0.8199239566177363
boron-trifluoride,boron trifluoride,BF3,29,23,"[""${ARCHIVE_ROOT}\\nist_strict_usable_numeric_pairs_2026_07_30\\paired_numeric\\003_BF3_BEB_vs_experiment.csv""]",17.6345,234.2,123.69,0,7.520421724579661,9.230241636218526,6.666984806450295,7.448818700066284,8.1955633282063,9.873091040026761,-0.6751416036266384
bromomethane,bromomethane,CH3Br,8,3,"[""${ARCHIVE_ROOT}\\outputs\\current_experiment_beb_master_2026_08_01\\aip_fig9_12_13_experiment_ecp_beb_READY_TIER_B.csv""]",54.556,297.635,80.401,2,8.152330855794819,11.663237536571309,4.975660977626728,8.607996885751067,2.776023967948035,6.202915646941925,5.376306887846784
butyraldehyde,butyraldehyde,C4H8O,55,16,"[""${PROJECT_ROOT}\\data\\processed\\qec_low_energy_priority_curve_points_2026_07_26.csv""]",15.0,285.0,90.0,4,11.75252974119917,12.501250462628422,8.454128307867174,9.230833757849949,5.338006125038664,2.5525521714266373,6.414523616160507
carbon-dioxide,carbon dioxide,CO2,53,36,"[""${ARCHIVE_ROOT}\\nist_strict_usable_numeric_pairs_2026_07_30\\paired_numeric\\004_CO2_BEB_vs_experiment.csv""]",14.5361,299.601,115.382,0,11.677104541264724,9.65693523256058,16.357705597662296,14.255752753486822,9.331262985420018,8.151126352289152,2.3458415558447054
carbon-disulfide,carbon disulfide,CS2,59,27,"[""${ARCHIVE_ROOT}\\nist_strict_usable_numeric_pairs_2026_07_30\\paired_numeric\\005_CS2_BEB_vs_experiment.csv""]",11.0278,299.601,35.0054,0,25.42783236786745,27.57589648444328,24.893892300762058,27.438455123056784,24.913670188396082,27.39536219068887,0.5141621794713664
carbon-monosulfide,carbon monosulfide,CS,32,20,"[""${ARCHIVE_ROOT}\\nist_strict_usable_numeric_pairs_2026_07_30\\paired_numeric\\006_CS_BEB_vs_experiment.csv""]",12.0409,176.82,60.0621,0,25.08686578318401,20.4138570086729,24.87952007548855,22.454344482994504,25.156245527618587,22.440808969090526,-0.06937974443457762
carbon-monoxide,carbon monoxide,CO,67,50,"[""${ARCHIVE_ROOT}\\nist_strict_usable_numeric_pairs_2026_07_30\\paired_numeric\\007_CO_BEB_vs_experiment.csv""]",15.094,299.601,98.0064,3,7.5120055582491085,6.152455141916341,8.071738005946582,6.377568922943586,7.666791665095772,6.118010892404762,-0.1547861068466636
carbon-tetrafluoride,carbon tetrafluoride,CF4,85,64,"[""${ARCHIVE_ROOT}\\nist_strict_usable_numeric_pairs_2026_07_30\\paired_numeric\\008_CF4_BEB_vs_experiment.csv""]",17.0173,298.293,123.409,0,9.226464375461147,7.926318560372883,8.254125847255233,7.690483731990745,9.295622088241123,8.063959998462293,-0.06915771277997607
carbonyl-sulfide,carbonyl sulfide,COS,23,18,"[""${ARCHIVE_ROOT}\\nist_strict_usable_numeric_pairs_2026_07_30\\paired_numeric\\009_COS_BEB_vs_experiment.csv""]",15.094,299.601,139.293,4,4.348688386347032,6.452471616383715,4.613195518085636,5.869594076554054,4.677775556663606,5.1757841185602045,-0.32908717031657453
chloroethane,chloroethane,C2H5Cl,28,11,"[""${PROJECT_ROOT}\\data\\processed\\expanded_measured_total_master_2026_07_26.csv""]",25.0,160.0,75.0,0,30.89922290894225,29.071471671882026,27.998688426390135,26.094216554457255,28.473254279227188,26.136599616525412,2.4259686297150616
chloroform,chloroform,CHCl3,28,9,"[""${PROJECT_ROOT}\\data\\processed\\expanded_measured_total_master_2026_07_26.csv""]",25.0,160.0,65.0,1,37.27559656502192,25.570711833791997,34.73568285616935,22.55682953279158,34.893501287744506,20.831740160313043,2.382095277277415
chloromethane,chloromethane,CH3Cl,45,19,"[""${PROJECT_ROOT}\\data\\processed\\expanded_measured_total_master_2026_07_26.csv""]",14.0,300.0,60.0,3,31.164394960646774,20.62461804420809,29.058220302274133,18.195956047580587,20.70242106851824,14.563685067272525,10.461973892128533
dichlorodifluoromethane,dichlorodifluoromethane,CCl2F2,14,10,"[""${PROJECT_ROOT}\\data\\processed\\expanded_measured_total_master_2026_07_26.csv""]",15.0,300.0,100.0,3,26.76732990378329,21.363114220073378,30.646051353246428,25.07648196755478,55.75372943164373,48.83624775589517,-28.98639952786044
diethyl-ether,diethyl ether,C4H10O,55,17,"[""${PROJECT_ROOT}\\data\\processed\\qec_low_energy_priority_curve_points_2026_07_26.csv""]",15.0,285.0,95.0,3,12.466672128089545,18.417823365157307,9.788400079468158,15.921639698217016,4.463902588669971,6.86432454705406,8.002769539419575
dipropyl-ether,dipropyl ether,C6H14O,55,18,"[""${PROJECT_ROOT}\\data\\processed\\qec_low_energy_priority_curve_points_2026_07_26.csv""]",15.0,285.0,100.0,0,4.50276603250381,9.083232508659023,6.886625134228108,7.196699721605181,4.086752714976966,6.335215118460735,0.41601331752684345
disilane,disilane,Si2H6,38,18,"[""${ARCHIVE_ROOT}\\nist_strict_usable_numeric_pairs_2026_07_30\\paired_numeric\\010_Si2H6_BEB_vs_experiment.csv""]",12.0409,299.601,35.0054,3,47.652853019934234,27.387330739162834,46.06196165760861,26.030762329643526,44.612130135096585,25.51239971015276,3.040722884837649
disulfur,disulfur,S2,26,19,"[""${ARCHIVE_ROOT}\\nist_strict_usable_numeric_pairs_2026_07_30\\paired_numeric\\011_S2_BEB_vs_experiment.csv""]",12.0409,174.613,75.2919,3,29.500210473134114,27.85465575239206,31.14893816737637,30.13286334002279,29.381416436518098,28.739863675214522,0.11879403661601629
ethane,Ethane,C2H6,55,36,"[""${ARCHIVE_ROOT}\\nist_strict_usable_numeric_pairs_2026_07_30\\paired_numeric\\012_C2H6_BEB_vs_experiment.csv""]",12.0577,281.916,90.5395,2,6.543290337620557,4.5474590942626385,9.796254678091717,6.967327728341561,22.26870236408397,18.619109141995118,-15.725412026463413
ethanethiol,ethanethiol,C2H6S,48,8,"[""${PROJECT_ROOT}\\data\\processed\\expanded_measured_total_master_2026_07_26.csv""]",43.1352,285.3832,92.8969,1,16.23691441635628,23.45568889329379,12.845076507682798,20.392474348848154,15.005705019569795,19.90968717586814,1.231209396786486
ethyl-acetate,ethyl acetate,C4H8O2,55,20,"[""${ARCHIVE_ROOT}\\outputs\\no_qec_priority_2026_07_31\\ready15_esters_experiment_beb\\paired_curves\\009_ethyl_acetate_experiment_beb_paired.csv""]",15.0,285.0,110.0,1,12.284745586521975,11.632719122864026,16.31675219715278,10.505692185694842,2.183231147218243,5.112718537036157,10.101514439303731
ethyl-formate,ethyl formate,C3H6O2,55,21,"[""${ARCHIVE_ROOT}\\outputs\\no_qec_priority_2026_07_31\\ready15_esters_experiment_beb\\paired_curves\\002_ethyl_formate_experiment_beb_paired.csv""]",15.0,285.0,115.0,4,18.324737766478673,9.54811077520357,22.705295408923657,9.876700304424626,4.083637892510014,4.226555786240656,14.24109987396866
ethylene,ethene,C2H4,28,23,"[""${ARCHIVE_ROOT}\\nist_strict_usable_numeric_pairs_2026_07_30\\paired_numeric\\013_C2H4_BEB_vs_experiment.csv""]",11.4662,146.149,85.6065,1,5.591420754661089,8.508520802064206,3.8899275975292436,6.283496192919142,8.008679807459757,10.047115637493777,-2.417259052798668
hexafluoroethane,perfluoroethane,C2F6,73,64,"[""${ARCHIVE_ROOT}\\nist_strict_usable_numeric_pairs_2026_07_30\\paired_numeric\\014_C2F6_BEB_vs_experiment.csv""]",16.1452,250.134,96.6964,4,7.184538901306602,6.733121941695809,7.211604323744353,7.520448961909798,8.304988981804543,7.207981534805402,-1.1204500804979416
hydrogen,hydrogen,H2,49,21,"[""${ARCHIVE_ROOT}\\nist_strict_usable_numeric_pairs_2026_07_30\\paired_numeric\\015_H2_BEB_vs_experiment.csv""]",16.0171,298.389,59.9823,4,2.5737047153538737,5.376182874808865,4.800921119111991,7.581316506325384,3.074525404770682,6.381512755224226,-0.5008206894168081
hydrogen-sulfide,hydrogen sulfide,H2S,46,29,"[""${ARCHIVE_ROOT}\\nist_strict_usable_numeric_pairs_2026_07_30\\paired_numeric\\016_H2S_BEB_vs_experiment.csv""]",11.0278,299.601,60.0621,4,23.225633004844433,19.535366799300416,22.756128583163505,19.866349695442942,22.587700948314833,19.932149111009018,0.6379320565295998
isobutyraldehyde,isobutyraldehyde,C4H8O,55,17,"[""${PROJECT_ROOT}\\data\\processed\\qec_low_energy_priority_curve_points_2026_07_26.csv""]",15.0,285.0,95.0,2,7.016860463181546,10.460619086312018,4.0974890429630575,7.448053334713409,4.488089815792825,3.568553518543079,2.528770647388721
isopropyl-acetate,isopropyl acetate,C5H10O2,55,20,"[""${ARCHIVE_ROOT}\\outputs\\no_qec_priority_2026_07_31\\ready15_esters_experiment_beb\\paired_curves\\011_isopropyl_acetate_experiment_beb_paired.csv""]",15.0,285.0,110.0,1,22.969503397249913,10.698480267116139,27.94893580864367,11.855095112139221,9.021652542001139,4.691166200279394,13.947850855248774
isopropyl-formate,isopropyl formate,C4H8O2,55,20,"[""${ARCHIVE_ROOT}\\outputs\\no_qec_priority_2026_07_31\\ready15_esters_experiment_beb\\paired_curves\\004_isopropyl_formate_experiment_beb_paired.csv""]",15.0,285.0,110.0,4,15.979834953223468,9.631672930724871,20.314781357074285,9.447876722002233,5.139165413398642,2.73148394916318,10.840669539824827
methane,methane,CH4,56,37,"[""${ARCHIVE_ROOT}\\nist_strict_usable_numeric_pairs_2026_07_30\\paired_numeric\\017_CH4_BEB_vs_experiment.csv""]",15.1328,298.389,80.8183,3,6.140594410965949,8.273180193569697,5.135720393303543,6.513909700326584,7.32724060940288,8.797820751961822,-1.1866461984369305
methyl-acetate,methyl acetate,C3H6O2,55,21,"[""${ARCHIVE_ROOT}\\outputs\\no_qec_priority_2026_07_31\\ready15_esters_experiment_beb\\paired_curves\\008_methyl_acetate_experiment_beb_paired.csv""]",15.0,285.0,115.0,0,15.240844495174871,9.27514172428333,20.06143034444492,9.164417380858172,12.076022977462108,8.512151896883864,3.164821517712763
methyl-formate,methyl formate,C2H4O2,55,20,"[""${ARCHIVE_ROOT}\\outputs\\no_qec_priority_2026_07_31\\ready15_esters_experiment_beb\\paired_curves\\001_methyl_formate_experiment_beb_paired.csv""]",15.0,285.0,110.0,2,21.137951025857742,8.947393908427001,25.290681317402193,10.033908963224771,4.300932713270025,2.298978682544438,16.837018312587716
methyl-radical,methyl radical,CH3,25,16,"[""${ARCHIVE_ROOT}\\outputs\\current_experiment_beb_master_2026_08_01\\nist_fast12_experiment_beb_digitized_READY_TIER_B.csv""]",11.028,190.654,70.711,0,13.461654044957324,11.988875283958174,15.415518243951842,15.183855423988351,13.71998911202916,12.65036028542518,-0.25833506707183496
methylene,methylene,CH2,26,19,"[""${ARCHIVE_ROOT}\\outputs\\current_experiment_beb_master_2026_08_01\\nist_fast12_experiment_beb_digitized_READY_TIER_B.csv""]",13.147,172.435,94.384,2,13.488173942247295,10.944486982360253,16.138561781994387,13.766157479775265,11.629808331013324,9.246010628912119,1.858365611233971
methylidyne,methylidyne,CH,28,20,"[""${ARCHIVE_ROOT}\\outputs\\current_experiment_beb_master_2026_08_01\\nist_fast12_experiment_beb_digitized_READY_TIER_B.csv""]",12.041,200.474,69.828,4,12.039178643313672,13.820301049500921,16.091298457679766,17.99240488981877,9.656330194133988,11.204494586230643,2.3828484491796846
nitric-oxide,nitric oxide,NO,79,53,"[""${ARCHIVE_ROOT}\\nist_strict_usable_numeric_pairs_2026_07_30\\paired_numeric\\018_NO_BEB_vs_experiment.csv""]",10.1,299.601,100.499,1,11.318854434831929,12.766528200837756,11.490528473591072,11.839464550958658,12.126726737880066,12.967045909191913,-0.8078723030481374
nitrogen,nitrogen,N2,65,38,"[""${ARCHIVE_ROOT}\\nist_strict_usable_numeric_pairs_2026_07_30\\paired_numeric\\020_N2_BEB_vs_experiment.csv""]",17.4413,298.389,100.0,1,8.296031951870523,6.105006637700092,11.353407861996532,8.20778810463703,4.8673782505394945,4.3943864503586925,3.4286537013310285
nitrogen-dioxide,nitrogen dioxide,NO2,16,12,"[""${ARCHIVE_ROOT}\\nist_strict_usable_numeric_pairs_2026_07_30\\paired_numeric\\019_NO2_BEB_vs_experiment.csv""]",13.4813,299.601,119.811,1,6.702018788243031,5.1316959608405215,9.729705965574576,6.926916710464227,4.895482229065359,4.474589186551925,1.8065365591776716
nitrous-oxide,nitrous oxide,N2O,45,28,"[""${ARCHIVE_ROOT}\\nist_strict_usable_numeric_pairs_2026_07_30\\paired_numeric\\021_N2O_BEB_vs_experiment.csv""]",13.9988,299.601,109.731,0,10.112103992464776,6.431384783391422,14.734106349336095,10.711515120067071,7.3181116088564755,4.68503300977339,2.793992383608301
octafluoropropane,perfluoropropane,C3F8,75,69,"[""${ARCHIVE_ROOT}\\nist_strict_usable_numeric_pairs_2026_07_30\\paired_numeric\\022_C3F8_BEB_vs_experiment.csv""]",15.1539,297.745,99.8089,3,16.71959902501549,15.798194352844575,17.027540119549887,15.954198679440937,19.567970637162297,18.324590054616603,-2.8483716121468063
oxygen,oxygen,O2,50,34,"[""${ARCHIVE_ROOT}\\nist_strict_usable_numeric_pairs_2026_07_30\\paired_numeric\\023_O2_BEB_vs_experiment.csv""]",14.5018,298.389,115.255,2,12.040289574738935,9.79368938602192,14.385588618637543,10.580531190444987,10.223748144033799,10.014361707063593,1.8165414307051364
ozone,ozone,O3,19,15,"[""${ARCHIVE_ROOT}\\nist_strict_usable_numeric_pairs_2026_07_30\\paired_numeric\\024_O3_BEB_vs_experiment.csv""]",20.1473,257.698,90.8947,1,54.258977704149935,55.19915334846679,60.505422002189526,61.483668395321146,41.727866738632535,44.85771389921294,12.5311109655174
pentyl-formate,pentyl formate,C6H12O2,55,20,"[""${ARCHIVE_ROOT}\\outputs\\no_qec_priority_2026_07_31\\ready15_esters_experiment_beb\\paired_curves\\007_pentyl_formate_experiment_beb_paired.csv""]",15.0,285.0,110.0,1,18.81826958445987,10.95613313884965,23.62960512936549,10.707081415213363,7.3399123225889085,4.3613346266288096,11.478357261870961
phosphine,phosphine,PH3,18,8,"[""${ARCHIVE_ROOT}\\outputs\\current_experiment_beb_master_2026_08_01\\aip_fig9_12_13_experiment_ecp_beb_READY_TIER_B.csv""]",19.04,181.923,61.796,0,18.418829209414604,12.834475095475383,23.3895098871838,17.570750136258496,15.089857064031694,10.162324565042393,3.3289721453829095
pinacolone,methyl tert-butyl ketone,C6H12O,55,17,"[""${PROJECT_ROOT}\\data\\processed\\qec_low_energy_priority_curve_points_2026_07_26.csv""]",15.0,285.0,95.0,4,4.952210190953521,10.34172051923977,5.190129658136086,8.056870672038674,7.367276463458526,8.388614039752245,-2.4150662725050047
propane,Propane,C3H8,64,38,"[""${ARCHIVE_ROOT}\\nist_strict_usable_numeric_pairs_2026_07_30\\paired_numeric\\025_C3H8_BEB_vs_experiment.csv""]",12.0577,298.389,80.8183,2,10.586365004309457,9.987745255362103,10.608323282793652,8.882863608563454,14.747077750365618,13.56053768044717,-4.160712746056161
propyl-acetate,propyl acetate,C5H10O2,55,20,"[""${ARCHIVE_ROOT}\\outputs\\no_qec_priority_2026_07_31\\ready15_esters_experiment_beb\\paired_curves\\010_propyl_acetate_experiment_beb_paired.csv""]",15.0,285.0,110.0,3,18.42429146793077,9.723439623938992,22.047739558245322,9.745957079388857,1.7682043452103768,2.337576810514817,16.656087122720393
propyl-formate,propyl formate,C4H8O2,55,19,"[""${ARCHIVE_ROOT}\\outputs\\no_qec_priority_2026_07_31\\ready15_esters_experiment_beb\\paired_curves\\003_propyl_formate_experiment_beb_paired.csv""]",15.0,285.0,105.0,0,18.53463477776895,10.919727240353335,23.51017644348101,10.464226036919042,14.623081208342478,10.15817894738251,3.911553569426472
silane,silane,SiH4,55,37,"[""${ARCHIVE_ROOT}\\nist_strict_usable_numeric_pairs_2026_07_30\\paired_numeric\\026_SiH4_BEB_vs_experiment.csv""]",12.0409,299.601,70.7107,3,11.420728609368126,15.84029000443929,11.61425396532012,16.40032139651949,12.873002452726498,19.398038162598006,-1.4522738433583715
silicon-dichloride,silicon dichloride,SiCl2,31,22,"[""${ARCHIVE_ROOT}\\outputs\\current_experiment_beb_master_2026_08_01\\siclx_experiment_raw_beb_READY_TIER_B.csv""]",12.056,200.466,80.115,4,18.04753649939003,22.35298318674417,15.668844668740878,19.875836305038863,20.945551412561105,23.918197710550007,-2.8980149131710746
silicon-difluoride,silicon difluoride,SiF2,29,24,"[""${ARCHIVE_ROOT}\\outputs\\current_experiment_beb_master_2026_08_01\\nist_fast12_experiment_beb_digitized_READY_TIER_B.csv""]",12.041,200.474,69.828,3,9.160385259631493,10.646535322824349,9.147857170662483,11.508207503575774,8.736151338817923,9.065298479419104,0.42423392081357036
silicon-monochloride,silicon monochloride,SiCl,29,19,"[""${ARCHIVE_ROOT}\\outputs\\current_experiment_beb_master_2026_08_01\\siclx_experiment_raw_beb_READY_TIER_B.csv""]",14.038,198.019,70.164,2,16.546346916741967,17.446718962394243,16.116426841648973,15.994715629142489,17.368741311002655,13.060459666099424,-0.8223943942606873
silicon-monofluoride,silicon monofluoride,SiF,22,15,"[""${ARCHIVE_ROOT}\\outputs\\current_experiment_beb_master_2026_08_01\\nist_fast12_experiment_beb_digitized_READY_TIER_B.csv""]",7.956,80.17,44.998,4,22.004360843530336,17.57738869233018,19.08913928269825,14.496701410542952,37.15029634510856,32.15919275857364,-15.145935501578222
silicon-monohydride,silicon monohydride,SiH,31,24,"[""${ARCHIVE_ROOT}\\outputs\\current_experiment_beb_master_2026_08_01\\nist_fast12_experiment_beb_digitized_READY_TIER_B.csv""]",8.472,200.474,60.062,4,15.147654350131662,17.290694960017937,18.162170979217347,18.277394864779303,7.118742484941443,12.959481116040905,8.028911865190219
silicon-tetrachloride,silicon tetrachloride,SiCl4,23,17,"[""${ARCHIVE_ROOT}\\outputs\\current_experiment_beb_master_2026_08_01\\aip_fig9_12_13_experiment_ecp_beb_READY_TIER_B.csv""]",15.958,200.438,80.527,2,40.45547720615856,39.777188350145174,38.39605323022609,37.69430488092701,33.25791254158229,33.0555275973957,7.197564664576269
silicon-trichloride,silicon trichloride,SiCl3,30,20,"[""${ARCHIVE_ROOT}\\outputs\\current_experiment_beb_master_2026_08_01\\siclx_experiment_raw_beb_READY_TIER_B.csv""]",15.846,198.908,69.831,2,14.789798832437452,15.18795041340836,12.882340269693692,12.86616211792008,10.900144170429453,8.028249383441405,3.889654662007999
silicon-trifluoride,silicon trifluoride,SiF3,31,27,"[""${ARCHIVE_ROOT}\\outputs\\current_experiment_beb_master_2026_08_01\\nist_fast12_experiment_beb_digitized_READY_TIER_B.csv""]",11.028,190.654,109.731,0,26.30059341653583,31.59696710775387,30.585126901561488,36.32016994250798,27.72503843317687,33.563856962946744,-1.424445016641041
silyl-radical,silyl radical,SiH3,31,23,"[""${ARCHIVE_ROOT}\\outputs\\current_experiment_beb_master_2026_08_01\\nist_fast12_experiment_beb_digitized_READY_TIER_B.csv""]",9.485,200.474,69.828,1,5.004005460966501,7.865862445190107,4.751006804192279,6.320626229376909,6.204300443568394,8.387053884811472,-1.2002949826018936
silylene,silylene,SiH2,31,23,"[""${ARCHIVE_ROOT}\\outputs\\current_experiment_beb_master_2026_08_01\\nist_fast12_experiment_beb_digitized_READY_TIER_B.csv""]",9.485,200.474,69.828,3,6.543362300150942,10.720012327372125,7.47697777049677,10.30047465116218,4.683555675444239,5.88357129107684,1.8598066247067022
sulfur-dioxide,sulfur dioxide,SO2,80,59,"[""${ARCHIVE_ROOT}\\nist_strict_usable_numeric_pairs_2026_07_30\\paired_numeric\\027_SO2_BEB_vs_experiment.csv""]",12.983,299.601,109.731,2,18.731419146519997,17.942512270038627,17.243056745263903,16.446412816813712,26.94582871915519,24.006623993427215,-8.214409572635194
sulfur-hexafluoride,sulfur hexafluoride,SF6,30,25,"[""${ARCHIVE_ROOT}\\nist_strict_usable_numeric_pairs_2026_07_30\\paired_numeric\\028_SF6_BEB_vs_experiment.csv""]",18.5221,289.736,155.547,4,15.029682623780518,13.030900327479106,19.32911544524617,17.255625212595934,20.08509017307089,18.590277719320103,-5.05540754929037
tetramethylsilane,tetramethylsilane,C4H12Si,25,24,"[""${ARCHIVE_ROOT}\\nist_strict_usable_numeric_pairs_2026_07_30\\paired_numeric\\029_TMS_BEB_vs_experiment.csv""]",11.0278,89.7606,80.17,1,24.131205192130725,23.995579592678563,21.05903261728291,20.917915099208084,23.85336183953964,23.64150769071317,0.27784335259108417
water,water,H2O,67,38,"[""${ARCHIVE_ROOT}\\nist_strict_usable_numeric_pairs_2026_07_30\\paired_numeric\\030_H2O_BEB_vs_experiment.csv""]",14.9195,298.389,90.5395,4,19.764982760467632,17.998809057028843,20.442235010433212,18.541194246023643,20.326997593210727,18.66063318360742,-0.5620148327430954
